<!-- Copyright (C) 2019 Google Inc. All Rights Reserved.

FirebaseDatabase iOS and Android Dependencies.
-->

<dependencies>
  <iosPods>
    <iosPod name="Firebase/Database" version="11.2.0" minTargetSdk="13.0">
    </iosPod>
  </iosPods>
  <androidPackages>
    <androidPackage spec="com.google.firebase:firebase-database:21.0.0">
    </androidPackage>
    <androidPackage spec="com.google.firebase:firebase-analytics:22.1.0">
    </androidPackage>
    <androidPackage spec="com.google.android.gms:play-services-base:18.5.0">
    </androidPackage>
    <androidPackage spec="com.google.firebase:firebase-database-unity:12.3.0">
      <repositories>
        <repository>Assets/Firebase/m2repository</repository>
      </repositories>
    </androidPackage>
  </androidPackages>
</dependencies>
